season,match_id,match_name,home_team,away_team,current_innings,innings_id,over,ball,runs,shortText,isBoundary,isWide,isNoball,batsman1_id,batsman1_name,batsman1_runs,batsman1_balls,bowler1_id,bowler1_name,bowler1_overs,bowler1_maidens,bowler1_runs,bowler1_wkts,wicket_id,wkt_batsman_name,wkt_bowler_name,wkt_batsman_runs,wkt_batsman_balls,wkt_text,isRetiredHurt,comm_cricinfo,comm_cricbuzz
2017,1082626,KXIP v DC,KXIP,DC,DC,1,1,1,0,"Sandeep Sharma to Samson, no run",False,False,False,425943,Sanju Samson,0,1,438362,Sandeep Sharma,0.1,0,0,0,,,,,,,False,"full and in the corridor, gets forward and pushes it off the middle of the bat into the covers","  0.1    Sandeep Sharma to Samson, no run, on a good length and just outside off, Samson leans forward and pushes it towards cover  "
2017,1082626,KXIP v DC,KXIP,DC,DC,1,1,2,0,"Sandeep Sharma to Samson, no run",False,False,False,425943,Sanju Samson,0,2,438362,Sandeep Sharma,0.2,0,0,0,,,,,,,False,"good length, outside off, tapped on the up to cover point","  0.2    Sandeep Sharma to Samson, no run, fraction fuller and wider of off, Samson leans into the drive but can't beat the fielder at cover-point  "
2017,1082626,KXIP v DC,KXIP,DC,DC,1,1,3,0,"Sandeep Sharma to Samson, no run",False,False,False,425943,Sanju Samson,0,3,438362,Sandeep Sharma,0.3,0,0,0,,,,,,,False,good ball. Nips back in from just outside off and catches the inside edge onto his thigh as he prods forward,"  0.3    Sandeep Sharma to Samson, no run, aborted appeal for LBW, but there was a big inside edge on that, Samson was half forward to one that angled back in, played slightly outside the line and gets a big edge onto the pads  "
2017,1082626,KXIP v DC,KXIP,DC,DC,1,1,4,1,"Sandeep Sharma to Samson, 1 run",False,False,False,425943,Sanju Samson,1,4,438362,Sandeep Sharma,0.4,0,1,0,,,,,,,False,"back of a length at off stump, stands tall and opens the face to run it down to third man","  0.4    Sandeep Sharma to Samson, 1 run, short of a good length and just outside off, Samson plays with an angled bat and dabs it down towards third man  "
2017,1082626,KXIP v DC,KXIP,DC,DC,1,1,5,0,"Sandeep Sharma to Billings, no run",False,False,False,297628,Sam Billings,0,1,438362,Sandeep Sharma,0.5,0,1,0,,,,,,,False,"good length at off stump, walks into the forward defence","  0.5    Sandeep Sharma to Billings, no run, on a good length and just outside off, Billings takes a step down the track and defends it back at the bowler  "
2017,1082626,KXIP v DC,KXIP,DC,DC,1,1,6,0,"Sandeep Sharma to Billings, OUT",False,False,False,297628,Sam Billings,0,2,438362,Sandeep Sharma,1.0,0,1,1,297628.0,Sam Billings,Sandeep Sharma,0.0,2.0,SW Billings c &dagger;Saha b Sandeep Sharma 0 (3m 2b 0x4 0x6) SR: 0.00,False,"gone! Sandeep rewarded for his consistency. This is back of a length in the corridor. He puts half a foot forward but is mostly static as he pushes away from the body to try and run it to third man. Gets a thin outside edge that is no trouble for Saha. No demonstrable movement there, just a good line and length. It's enough","  0.6    Sandeep Sharma to Billings, out Caught by Saha!! Edged and caught! The perfect start for KXIP, a nothing shot from Billings and he has to take the long walk back to the hut. Sandeep shortened his length outside off and got the ball to shape away slightly, drew Billings into playing at that. He was looking to run it down towards third man, gets a thick edge and it's an easy catch to the keeper. Billings' comeback is a short one, the Daredevils have been rocked early. Billings c Saha b Sandeep Sharma 0(2)  "
2017,1082626,KXIP v DC,KXIP,DC,DC,1,2,1,0,"Natarajan to Samson, no run",False,False,False,425943,Sanju Samson,1,5,802575,T Natarajan,0.1,0,0,0,,,,,,,False,"back of a length at off stump, defends off the back foot to mid-on","  1.1    T Natarajan to Samson, no run, short of a good length and on the stumps, Samson gets forward and defends it towards mid-on  "
2017,1082626,KXIP v DC,KXIP,DC,DC,1,2,2,0,"Natarajan to Samson, no run",False,False,False,425943,Sanju Samson,1,6,802575,T Natarajan,0.2,0,0,0,,,,,,,False,"back of a length at off stump, pushes into the off side on the up","  1.2    T Natarajan to Samson, no run, Natarajan shortens his length outside off, defended with an angled bat towards point  "
2017,1082626,KXIP v DC,KXIP,DC,DC,1,2,3,0,"Natarajan to Samson, no run",False,False,False,425943,Sanju Samson,1,7,802575,T Natarajan,0.3,0,0,0,,,,,,,False,"back of a length at off stump, drives on the up, straight to extra cover","  1.3    T Natarajan to Samson, no run, tad fuller and just outside off, Samson leans forward, plays with a straight bat and finds cover with the punchy drive  "
2017,1082626,KXIP v DC,KXIP,DC,DC,1,2,4,0,"Natarajan to Samson, no run",False,False,False,425943,Sanju Samson,1,8,802575,T Natarajan,0.4,0,0,0,,,,,,,False,"yorker, angled across off stump and going away. Tries to squeeze this down to third man, beaten","  1.4    T Natarajan to Samson, no run, very full and angling across the right-hander, almost the yorker length. Samson squeezed his bat under it and missed the attempted jab  "
2017,1082626,KXIP v DC,KXIP,DC,DC,1,2,5,0,"Natarajan to Samson, no run",False,False,False,425943,Sanju Samson,1,9,802575,T Natarajan,0.5,0,0,0,,,,,,,False,"bouncer at middle stump, climbs sharply at Samson, but short enough for him to sway away from it","  1.5    T Natarajan to Samson, no run, good sharp bouncer from Natarajan, he's following a good over from Sandeep with another one. Samson drops his wrists and sways away from the line  "
2017,1082626,KXIP v DC,KXIP,DC,DC,1,2,6,1,"Natarajan to Samson, 1 wide",False,True,False,425943,Sanju Samson,1,9,802575,T Natarajan,0.5,0,1,0,,,,,,,False,"walks at the bowler, doesn't have to do much in the end, because this is down the leg side at waist height","  1.6    T Natarajan to Samson, wide, short of a length and angling down the leg-side, Samson was looking to flick and missed, called as a wide  "
2017,1082626,KXIP v DC,KXIP,DC,DC,1,2,6,0,"Natarajan to Samson, no run",False,False,False,425943,Sanju Samson,1,10,802575,T Natarajan,1.0,0,1,0,,,,,,,False,"back of a length, angling across the batsman, bat turns as he drives on the up to cover point","  1.6    T Natarajan to Samson, no run, back of a length and just outside off, Samson goes hard on the cut and mistimes it towards cover-point  "
2017,1082626,KXIP v DC,KXIP,DC,DC,1,3,1,1,"Sandeep Sharma to Nair, 1 run",False,False,False,398439,Karun Nair,1,1,438362,Sandeep Sharma,1.1,0,2,1,,,,,,,False,"thick outside edge as he goes hard at this drive outside off stump. It wasn't full enough, straightened after pitching. Third man cleans up to his left","  2.1    Sandeep Sharma to Nair, 1 run, edged, but there's no one at slip and Karun gets away with one. Went with hard hands on the drive, the edge flew past the vacant slip cordon, just a single to third man  "
2017,1082626,KXIP v DC,KXIP,DC,DC,1,3,2,0,"Sandeep Sharma to Samson, no run",False,False,False,425943,Sanju Samson,1,11,438362,Sandeep Sharma,1.2,0,2,1,,,,,,,False,"bouncer sits in the pitch and Samson is through the shot early, it slides through to the keeper outside off stump","  2.2    Sandeep Sharma to Samson, no run, banged in short and just outside off, Samson stayed on the front-foot as he looked to pull and missed  "
2017,1082626,KXIP v DC,KXIP,DC,DC,1,3,3,4,"Sandeep Sharma to Samson, FOUR runs",True,False,False,425943,Sanju Samson,5,12,438362,Sandeep Sharma,1.3,0,6,1,,,,,,,False,"finally hits one in the gap. This isn't off the middle, but the timing, as always, is there. Good length outside off, stands tall and punches it wide of mid-off with a closed bat face","  2.3    Sandeep Sharma to Samson, FOUR, nicely played by Samson, that should get him going, fraction short and wide of off, he leans forward, plays with a flat-bat and gets it in the gap - wide of extra-cover  "
2017,1082626,KXIP v DC,KXIP,DC,DC,1,3,4,0,"Sandeep Sharma to Samson, no run",False,False,False,425943,Sanju Samson,5,13,438362,Sandeep Sharma,1.4,0,6,1,,,,,,,False,"good length at off stump, flicks it to short midwicket","  2.4    Sandeep Sharma to Samson, no run, on a good length and on the stumps, Samson picks up the fielder at mid-wicket with the flick  "
2017,1082626,KXIP v DC,KXIP,DC,DC,1,3,5,0,"Sandeep Sharma to Samson, OUT",False,False,False,425943,Sanju Samson,5,14,438362,Sandeep Sharma,1.5,0,6,2,425943.0,Sanju Samson,Sandeep Sharma,5.0,14.0,SV Samson c Sharma b Sandeep Sharma 5 (14m 14b 1x4 0x6) SR: 35.71,False,it was coming. Samson didn't look comfortable on this pitch after the first few deliveries. The ball has been biting into the pitch and it does so again. Straightens off a length at middle stump. He looks to whip this over midwicket but the deviation means it gets the toe of the bat and balloons up to mid-off,"  2.5    Sandeep Sharma to Samson, out Caught by Mohit Sharma!! Sandeep has two now and the Daredevils have lost both openers. On a good length and a hint of shape away from outside off, Samson took a step down the track and was looking to work it towards the on-side, closed the bat-face early, gets a thick leading edge - high and towards mid-off. A simple grab by Mohit and Delhi find themselves in early trouble. Samson c Mohit Sharma b Sandeep Sharma 5(14) [4s-1]  "
2017,1082626,KXIP v DC,KXIP,DC,DC,1,3,6,0,"Sandeep Sharma to Nair, no run",False,False,False,398439,Karun Nair,1,2,438362,Sandeep Sharma,2.0,0,6,2,,,,,,,False,"full outside off stump, driven away from the body, straight to cover point","  2.6    Sandeep Sharma to Nair, no run, on a good length and well outside off, Karun leans forward and finds cover with the drive  "
2017,1082626,KXIP v DC,KXIP,DC,DC,1,4,1,0,"Natarajan to Iyer, no run",False,False,False,642519,Shreyas Iyer,0,1,802575,T Natarajan,1.1,0,1,0,,,,,,,False,"good length at off stump, gets behind the line and defends it back down the pitch","  3.1    T Natarajan to Shreyas Iyer, no run, short of a good length and just outside off, pushed back at the bowler  "
2017,1082626,KXIP v DC,KXIP,DC,DC,1,4,2,0,"Natarajan to Iyer, no run",False,False,False,642519,Shreyas Iyer,0,2,802575,T Natarajan,1.2,0,1,0,,,,,,,False,"slower ball, good length, wide outside off stump. Can't time this as he slashes on the up, a couple of bounces through to cover point","  3.2    T Natarajan to Shreyas Iyer, no run, slower short ball from Natarajan, he rolled his fingers across the seam, Shreyas went hard on the cut and mistimed it towards cover-point  "
2017,1082626,KXIP v DC,KXIP,DC,DC,1,4,3,4,"Natarajan to Iyer, FOUR runs",True,False,False,642519,Shreyas Iyer,4,3,802575,T Natarajan,1.3,0,5,0,,,,,,,False,"glorious.This is overpitched outside off and he leans into it, gets close with a shortish stride, and uses his wrists to get this cover drive past extra cover","  3.3    T Natarajan to Shreyas Iyer, FOUR, lovely shot, overpitched and wide outside off, Shreyas leans forward, meets the ball on top of the bounce and drives it crisply past cover, no one moved  "
2017,1082626,KXIP v DC,KXIP,DC,DC,1,4,4,1,"Natarajan to Iyer, 1 run",False,False,False,642519,Shreyas Iyer,5,4,802575,T Natarajan,1.4,0,6,0,,,,,,,False,"back of a length at off stump, rides the bounce and dabs it to third man","  3.4    T Natarajan to Shreyas Iyer, 1 run, back of a length and just outside off, Shreyas dabs it down towards third man for a single  "
2017,1082626,KXIP v DC,KXIP,DC,DC,1,4,5,0,"Natarajan to Nair, no run",False,False,False,398439,Karun Nair,1,3,802575,T Natarajan,1.5,0,6,0,,,,,,,False,"back of a length outside off, cuts it on the bounce to backward point","  3.5    T Natarajan to Nair, no run, width on offer from Natarajan, Karun carves it sweetly but straight to Axar at backward point  "
2017,1082626,KXIP v DC,KXIP,DC,DC,1,4,6,1,"Natarajan to Nair, 1 run",False,False,False,398439,Karun Nair,2,4,802575,T Natarajan,2.0,0,7,0,,,,,,,False,"good length at middle stump, pushes on the up to deep square","  3.6    T Natarajan to Nair, 1 run, on a good length and on Karun's pads, clipped away past square leg for a single  "
2017,1082626,KXIP v DC,KXIP,DC,DC,1,5,1,1,"Sandeep Sharma to Nair, 1 run",False,False,False,398439,Karun Nair,3,5,438362,Sandeep Sharma,2.1,0,7,2,,,,,,,False,"back of a length outside off, pulls across the line but is through the shot early. Drags it off the inside edge to deep square","  4.1    Sandeep Sharma to Nair, 1 run, short of a length and just outside off, Karun swivelled across on the pull, ends up dragging it past square leg for a single  "
2017,1082626,KXIP v DC,KXIP,DC,DC,1,5,2,0,"Sandeep Sharma to Iyer, no run",False,False,False,642519,Shreyas Iyer,5,5,438362,Sandeep Sharma,2.2,0,7,2,,,,,,,False,"full at off stump, defended with an open face into the off side","  4.2    Sandeep Sharma to Shreyas Iyer, no run, on a good length and just outside off, Shreyas plays with an open face and finds backward point  "
2017,1082626,KXIP v DC,KXIP,DC,DC,1,5,3,1,"Sandeep Sharma to Iyer, 1 run",False,False,False,642519,Shreyas Iyer,6,6,438362,Sandeep Sharma,2.3,0,8,2,,,,,,,False,"good length at off stump, slight shape away but he's behind it nicely as he pushes off the front foot to mid-off","  4.3    Sandeep Sharma to Shreyas Iyer, 1 run, tad fuller and just outside off, pushed in front of mid-off for a quick single  "
2017,1082626,KXIP v DC,KXIP,DC,DC,1,5,4,6,"Sandeep Sharma to Nair, SIX runs",True,False,False,398439,Karun Nair,9,6,438362,Sandeep Sharma,2.4,0,14,2,,,,,,,False,shot. This is short and just outside off stump. Bounces up slowly but he's adjusted nicely and pulled this in front of square and over the boundary line. No half measures.,"  4.4    Sandeep Sharma to Nair, SIX, cracking shot, banged in short and just outside off, Karun was early into the pull and nailed it high and in front of square on the on-side, went soaring over the ropes for a maximum  "
2017,1082626,KXIP v DC,KXIP,DC,DC,1,5,5,1,"Sandeep Sharma to Nair, 1 run",False,False,False,398439,Karun Nair,10,7,438362,Sandeep Sharma,2.5,0,15,2,,,,,,,False,"good length at middle stump, pushed on the up to mid-on","  4.5    Sandeep Sharma to Nair, 1 run, short of a good length and just outside off, Karun plays with a straight bat and to the left of Maxwell at mid-on, calls his partner across for a quick single  "
2017,1082626,KXIP v DC,KXIP,DC,DC,1,5,6,0,"Sandeep Sharma to Iyer, OUT",False,False,False,642519,Shreyas Iyer,6,7,438362,Sandeep Sharma,3.0,0,15,3,642519.0,Shreyas Iyer,Sandeep Sharma,6.0,7.0,SS Iyer c &amp; b Sandeep Sharma 6 (9m 7b 1x4 0x6) SR: 85.71,False,"good length outside off stump, he looks to drive on the up but it's the two-paced nature once more. This stops on him and takes the toe of the bat and floats teasingly in front of Sandeep who stays low in his follow-through and dives low to his left with one hand that is perfectly under the ball as he takes it","  4.6   Sandeep Sharma to Shreyas Iyer, out Caught&Bowled!! That's a spectacular return catch from Sandeep, but Shreyas isn't going anywhere. The third umpire has been called for and the soft signal is OUT. That's as clean as one gets, the decision remains OUT. The Mohali crowd go bonkers as their southern neighbours lose another. Credit must go to the bowler here, he was on his followthrough, bent down low, went with his left hand and pouched a beauty. Coming to the ball, it was a short of a good length delivery outside off, might have stopped on the batsman. Shreyas was early into the drive, went low off the bat and to the left of Sandeep. He moved across on his followthrough, with one-handed and the ball stuck, made sure that it didn't pop out when his elbows hit the ground. Shreyas Iyer c and b Sandeep Sharma 6(7) [4s-1] "
2017,1082626,KXIP v DC,KXIP,DC,DC,1,6,1,0,"Sharma to Nair, no run",False,False,False,398439,Karun Nair,10,8,537119,Mohit Sharma,0.1,0,0,0,,,,,,,False,"good length at off stump, defended off the front foot into the covers","  5.1    Mohit Sharma to Nair, no run, short of a good length and just outside off, pushed towards the off-side  "
2017,1082626,KXIP v DC,KXIP,DC,DC,1,6,2,1,"Sharma to Nair, 1 run",False,False,False,398439,Karun Nair,11,9,537119,Mohit Sharma,0.2,0,1,0,,,,,,,False,"back of a length outside off stump, pokes at it on the up, bat turns and it rolls to mid-on","  5.2    Mohit Sharma to Nair, 1 run, back of a length and just outside off, Karun gets an inside edge on the back-foot push, calls for a quick single as the ball rolled in front of mid-on  "
2017,1082626,KXIP v DC,KXIP,DC,DC,1,6,3,0,"Sharma to Pant, no run",False,False,False,931581,Rishabh Pant,0,1,537119,Mohit Sharma,0.3,0,1,0,,,,,,,False,"good length, at off stump, solidly behind it and defended down the pitch","  5.3    Mohit Sharma to Pant, no run, on a good length and on the off-stump line, defended back at the bowler  "
2017,1082626,KXIP v DC,KXIP,DC,DC,1,6,4,2,"Sharma to Pant, 2 runs",False,False,False,931581,Rishabh Pant,2,2,537119,Mohit Sharma,0.4,0,3,0,,,,,,,False,"good length outside off stump, leans in, opens the face and taps it wide of third man","  5.4    Mohit Sharma to Pant, 2 runs, short of a length and angling across the left-hander, chopped away behind square on the off-side and Pant's off the mark with a brace  "
2017,1082626,KXIP v DC,KXIP,DC,DC,1,6,5,0,"Sharma to Pant, no run",False,False,False,931581,Rishabh Pant,2,3,537119,Mohit Sharma,0.5,0,3,0,,,,,,,False,"slower ball, full at off stump, driven straight to extra cover","  5.5    Mohit Sharma to Pant, no run, Mohit slips in the slower ball, well outside off, driven straight to the fielder at cover  "
2017,1082626,KXIP v DC,KXIP,DC,DC,1,6,6,0,"Sharma to Pant, no run",False,False,False,931581,Rishabh Pant,2,4,537119,Mohit Sharma,1.0,0,3,0,,,,,,,False,"good length at off stump, defended into the off side off the front foot","  5.6    Mohit Sharma to Pant, no run, another slower ball from Mohit, change of pace is working well on this track, defended back at him  "
2017,1082626,KXIP v DC,KXIP,DC,DC,1,7,1,0,"Patel to Nair, OUT",False,False,False,398439,Karun Nair,11,10,554691,Axar Patel,0.1,0,0,1,398439.0,Karun Nair,Axar Patel,11.0,10.0,KK Nair  b Patel 11 (28m 10b 0x4 1x6) SR: 110.00,False,"gone first ball! This is a good length ball at off stump. No real drift, no real spin, no real flight, but it's a good line and length. Nair is looking to push this through the covers on the up and ends up playing inside the line. Loses his off stump","  6.1    Axar to Nair, out Bowled!! Axar has struck first ball and it's been a free-fall for the Daredevils. This was the quicker ball from Axar, pitched on off and went straight on, Karun was playing for a bit of turn, ended up playing inside the line and missed it completely. The ball curled past the outside edge and crashed into the off-stump, Karun looks back in dismay and walks off. DD are in a heap of trouble now. Nair b Axar 11(10) [6s-1]  "
2017,1082626,KXIP v DC,KXIP,DC,DC,1,7,2,0,"Patel to Anderson, no run",False,False,False,277662,Corey Anderson,0,1,554691,Axar Patel,0.2,0,0,1,,,,,,,False,"full outside off stump, thick outside edge to short third man as he looks to drive","  6.2    Axar to Corey Anderson, no run, tossed up wider of off, Anderson was looking to drive and toe-ends it towards short third man  "
2017,1082626,KXIP v DC,KXIP,DC,DC,1,7,3,1,"Patel to Anderson, 1 run",False,False,False,277662,Corey Anderson,1,2,554691,Axar Patel,0.3,0,1,1,,,,,,,False,"short and wide outside off, cuts it to short third man's left","  6.3    Axar to Corey Anderson, 1 run, pushed through flatter and wider of off, chopped away behind square on the off-side for a single  "
2017,1082626,KXIP v DC,KXIP,DC,DC,1,7,4,1,"Patel to Pant, 1 run",False,False,False,931581,Rishabh Pant,3,5,554691,Axar Patel,0.4,0,2,1,,,,,,,False,"back of a length at off stump, hangs deep in the crease and turns this with a flat bat to deep square","  6.4    Axar to Pant, 1 run, Axar drops one short and just outside off, Pant swivels across and pulls it in front of square on the on-side, the running is lazy and Pant settles for just a single  "
2017,1082626,KXIP v DC,KXIP,DC,DC,1,7,5,0,"Patel to Anderson, no run",False,False,False,277662,Corey Anderson,1,3,554691,Axar Patel,0.5,0,2,1,,,,,,,False,"back of a length, flat outside off, too late on the back foot punch. Toe-ends it to point","  6.5    Axar to Corey Anderson, no run, pushed through flatter and wider of off, Anderson backed away on the cut and mistimes it towards the off-side  "
2017,1082626,KXIP v DC,KXIP,DC,DC,1,7,6,1,"Patel to Anderson, 1 wide",False,True,False,277662,Corey Anderson,1,3,554691,Axar Patel,0.5,0,3,1,,,,,,,False,"good length, flat and fired down leg side","  6.6    Axar to Corey Anderson, wide, flatter and angling down the leg-side, Anderson was looking to flick and missed, called as a wide  "
2017,1082626,KXIP v DC,KXIP,DC,DC,1,7,6,1,"Patel to Anderson, 1 run",False,False,False,277662,Corey Anderson,2,4,554691,Axar Patel,1.0,0,4,1,,,,,,,False,"arm ball, good length, wide outside off. Punched off the back foot to sweeper cover","  6.6    Axar to Corey Anderson, 1 run, Axar drops one short and wider of off, chopped away in front of square on the off-side for a single  "
2017,1082626,KXIP v DC,KXIP,DC,DC,1,8,1,0,"Maxwell to Anderson, no run",False,False,False,277662,Corey Anderson,2,5,325026,Glenn Maxwell,0.1,0,0,0,,,,,,,False,"good length, drifted in at off stump, goes straight through. Inside half on the forward defence","  7.1    Maxwell to Corey Anderson, no run, tossed up on off, Anderson gets forward and defends it towards the on-side  "
2017,1082626,KXIP v DC,KXIP,DC,DC,1,8,2,0,"Maxwell to Anderson, no run",False,False,False,277662,Corey Anderson,2,6,325026,Glenn Maxwell,0.2,0,0,0,,,,,,,False,"good length at off stump, driven on the up to extra cover","  7.2    Maxwell to Corey Anderson, no run, slower and just outside off, Anderson drives it straight to the fielder at cover  "
2017,1082626,KXIP v DC,KXIP,DC,DC,1,8,3,1,"Maxwell to Anderson, 1 run",False,False,False,277662,Corey Anderson,3,7,325026,Glenn Maxwell,0.3,0,1,0,,,,,,,False,"good length at middle stump, waits for it and pushes late into the midwicket region","  7.3    Maxwell to Corey Anderson, 1 run, tossed up on the stumps, Anderson goes back and works it towards long-on for a run  "
2017,1082626,KXIP v DC,KXIP,DC,DC,1,8,4,0,"Maxwell to Pant, OUT",False,False,False,931581,Rishabh Pant,3,6,325026,Glenn Maxwell,0.4,0,1,1,931581.0,Rishabh Pant,Glenn Maxwell,3.0,6.0,RR Pant lbw b Maxwell 3 (16m 6b 0x4 0x6) SR: 50.00,False,"goes through his defence! This is good length at off, and it slides through with the arm. Pant's bat is angled - it's coming down from the third man direction. And it has come down late. Flicks his front pad which isn't fully forward and that's half the side down","  7.4    Maxwell to Pant, out Lbw!! The lovely drift of Maxwell has accounted for yet another young Indian batsman. He came from round the wicket, got this one to slide one with the angle, Pant was playing down the wrong line, ended up pushing his bat outside the line of the delivery, gets beaten on ths inside edge and is rapped right in front. The impact was in front of middle-stump, at worst, would have been crashing into leg. Easy call for the umpire and DD continue to slump. Pant lbw b Maxwell 3(6)  "
2017,1082626,KXIP v DC,KXIP,DC,DC,1,8,5,0,"Maxwell to Morris, no run",False,False,False,439952,Chris Morris,0,1,325026,Glenn Maxwell,0.5,0,1,1,,,,,,,False,"tossed up at middle stump, driven firmly back to the bowler","  7.5    Maxwell to Chris Morris, no run, tossed up on off, driven back at the bowler  "
2017,1082626,KXIP v DC,KXIP,DC,DC,1,8,6,1,"Maxwell to Morris, 1 run",False,False,False,439952,Chris Morris,1,2,325026,Glenn Maxwell,1.0,0,2,1,,,,,,,False,"full at middle stump, flicks it to long-on","  7.6    Maxwell to Chris Morris, 1 run, Maxwell tosses one on the stumps, driven away towards long-on for a single  "
2017,1082626,KXIP v DC,KXIP,DC,DC,1,9,1,0,"Patel to Morris, no run",False,False,False,439952,Chris Morris,1,3,554691,Axar Patel,1.1,0,4,1,,,,,,,False,"oh nearly sneaks through. Arm ball, good length at middle stump. He puts a stride across and nearly locks himself out, but gets the bat down in time","  8.1    Axar to Chris Morris, no run, tossed up on the stumps, driven with a straight bat towards short mid-wicket  "
2017,1082626,KXIP v DC,KXIP,DC,DC,1,9,2,1,"Patel to Morris, 1 run",False,False,False,439952,Chris Morris,2,4,554691,Axar Patel,1.2,0,5,1,,,,,,,False,"full at leg stump, pushed to long-on off the front foot","  8.2    Axar to Chris Morris, 1 run, flighted on off, eased down towards long-on for a single  "
2017,1082626,KXIP v DC,KXIP,DC,DC,1,9,3,1,"Patel to Anderson, 1 run",False,False,False,277662,Corey Anderson,4,8,554691,Axar Patel,1.3,0,6,1,,,,,,,False,"good length at middle stump, hangs deep in the crease and whips it to deep square","  8.3    Axar to Corey Anderson, 1 run, flatter and on Anderson's pads, clipped away past square leg for a single  "
2017,1082626,KXIP v DC,KXIP,DC,DC,1,9,4,0,"Patel to Morris, OUT",False,False,False,439952,Chris Morris,2,5,554691,Axar Patel,1.4,0,6,2,439952.0,Chris Morris,Axar Patel,2.0,5.0,CH Morris c &amp; b Patel 2 (2m 5b 0x4 0x6) SR: 40.00,False,"advance your dinner plans to catch the next game, this won't be long. Good length at off stump. He's on the back foot and tries to punch this to long-on. Once again, not the shot to play on this pitch. Another one sits in the pitch, another one chips back to the bowler, and this time a dive isn't even needed","  8.4    Axar to Chris Morris, out Caught&Bowled!! That's another soft dismissal and DD are seriously threatening RCB's score of 49. Catching practice for Axar, this was pushed through slower and just outside off, Morris rocked back on the punch, might have gone through with the shot a bit too early, lobs a simple return catch to the bowler - he accepts the gift with glee and Morris walks away in disgust. Chris Morris c and b Axar 2(5)  "
2017,1082626,KXIP v DC,KXIP,DC,DC,1,9,5,0,"Patel to Rabada, no run",False,False,False,550215,Kagiso Rabada,0,1,554691,Axar Patel,1.5,0,6,2,,,,,,,False,"oh nearly gets another. Arm ball just outside off, Rabada doesn't believe in feet as he pokes at this. Beaten on the outside edge","  8.5    Axar to Rabada, no run, the straighter one from Axar, unlucky that Rabada didn't edge it, fired it flatter and quicker, Rabada was caught in his crease as he pushed forward in defence and missed  "
2017,1082626,KXIP v DC,KXIP,DC,DC,1,9,6,0,"Patel to Rabada, no run",False,False,False,550215,Kagiso Rabada,0,2,554691,Axar Patel,2.0,0,6,2,,,,,,,False,"good length at off stump, no feet again but he gets bat on this and pushes it down the pitch","  8.6    Axar to Rabada, no run, slower and just outside off, pushed back at the bowler  "
2017,1082626,KXIP v DC,KXIP,DC,DC,1,10,1,0,"Maxwell to Anderson, no run",False,False,False,277662,Corey Anderson,4,9,325026,Glenn Maxwell,1.1,0,2,1,,,,,,,False,"good length, angles in and catches him on the pads as he looks to turn this into the leg side. Not out, sliding down","  9.1    Maxwell to Corey Anderson, no run, half-an-appeal for LBW, but there was an inside edge on that, Anderson was caught in his crease on the clip and missed  "
2017,1082626,KXIP v DC,KXIP,DC,DC,1,10,2,0,"Maxwell to Anderson, no run",False,False,False,277662,Corey Anderson,4,10,325026,Glenn Maxwell,1.2,0,2,1,,,,,,,False,"back of a length at off stump, sliding in again, just about squeezes it out off the back foot, into the off side","  9.2    Maxwell to Corey Anderson, no run, slower and just outside off, Anderson makes room and pushes it towards the off-side  "
2017,1082626,KXIP v DC,KXIP,DC,DC,1,10,3,1,"Maxwell to Anderson, 1 run",False,False,False,277662,Corey Anderson,5,11,325026,Glenn Maxwell,1.3,0,3,1,,,,,,,False,"tossed up at off stump, driven to long-off","  9.3    Maxwell to Corey Anderson, 1 run, tossed up wider of off, driven down towards long-off for a single  "
2017,1082626,KXIP v DC,KXIP,DC,DC,1,10,4,1,"Maxwell to Rabada, 1 run",False,False,False,550215,Kagiso Rabada,1,3,325026,Glenn Maxwell,1.4,0,4,1,,,,,,,False,"good length at middle stump, pushes forward, gets it off the inside half of the bat into the leg side","  9.4    Maxwell to Rabada, 1 run, Maxwell tosses one on the stumps, nudged away past mid-wicket for a single  "
2017,1082626,KXIP v DC,KXIP,DC,DC,1,10,5,0,"Maxwell to Anderson, no run",False,False,False,277662,Corey Anderson,5,12,325026,Glenn Maxwell,1.5,0,4,1,,,,,,,False,"good length at middle stump, forward defence back to the bowler","  9.5    Maxwell to Corey Anderson, no run, flighted delivery on off, Anderson lunges forward defensively  "
2017,1082626,KXIP v DC,KXIP,DC,DC,1,10,6,2,"Maxwell to Anderson, 2 runs",False,False,False,277662,Corey Anderson,7,13,325026,Glenn Maxwell,2.0,0,6,1,,,,,,,False,"drifted full at leg stump, steps out and flicks it to deep square's right","  9.6    Maxwell to Corey Anderson, 2 runs, Anderson shimmies down the track to a well flighted delivery and flicks it wide of mid-wicket, comes back for the second run  "
2017,1082626,KXIP v DC,KXIP,DC,DC,1,11,1,0,"Patel to Rabada, no run",False,False,False,550215,Kagiso Rabada,1,4,554691,Axar Patel,2.1,0,6,2,,,,,,,False,"full at off stump, closes the face too early as he looks to flick, leading edge is back to the bowler","  10.1    Axar to Rabada, no run, Axar drifts one on off, pushed back at the bowler  "
2017,1082626,KXIP v DC,KXIP,DC,DC,1,11,2,1,"Patel to Rabada, 1 run",False,False,False,550215,Kagiso Rabada,2,5,554691,Axar Patel,2.2,0,7,2,,,,,,,False,"back of a length at off stump, punched to sweeper cover off the back foot","  10.2    Axar to Rabada, 1 run, flatter and wider of off, cut away in front of square on the off-side for a single  "
2017,1082626,KXIP v DC,KXIP,DC,DC,1,11,3,1,"Patel to Anderson, 1 run",False,False,False,277662,Corey Anderson,8,14,554691,Axar Patel,2.3,0,8,2,,,,,,,False,"good length at off stump, leans in and pushes it past the bowler to long-off","  10.3    Axar to Corey Anderson, 1 run, tossed up outside off, Anderson prods forward and eases it down towards long-off  "
2017,1082626,KXIP v DC,KXIP,DC,DC,1,11,4,1,"Patel to Rabada, 1 run",False,False,False,550215,Kagiso Rabada,3,6,554691,Axar Patel,2.4,0,9,2,,,,,,,False,"back of a length at middle stump, goes deep and waits for the ball, then punches to long-on","  10.4    Axar to Rabada, 1 run, flatter and on the stumps, punched down towards long-on for a single  "
2017,1082626,KXIP v DC,KXIP,DC,DC,1,11,5,0,"Patel to Anderson, no run",False,False,False,277662,Corey Anderson,8,15,554691,Axar Patel,2.5,0,9,2,,,,,,,False,"good length outside off, stays in the crease and pokes away from the body, behind square on the off side","  10.5    Axar to Corey Anderson, no run, pushed through outside off, Anderson stays besides the line and defends it towards the off-side  "
2017,1082626,KXIP v DC,KXIP,DC,DC,1,11,6,6,"Patel to Anderson, SIX runs",True,False,False,277662,Corey Anderson,14,16,554691,Axar Patel,3.0,0,15,2,,,,,,,False,"that's how you play on a slow pitch. Gives him the charge, meets the good length ball at the pitch, picks it up from off stump and sends it flying over the midwicket boundary","  10.6    Axar to Corey Anderson, SIX, lovely shot, much needed blow for the Daredevils - but they need plenty of thse more. Came down the track, doesn't get too close to the ball, allows him to free his arms - plays with the turn and deposits the ball way into the stands at long-on  "
2017,1082626,KXIP v DC,KXIP,DC,DC,1,12,1,0,"Maxwell to Rabada, no run",False,False,False,550215,Kagiso Rabada,3,7,325026,Glenn Maxwell,2.1,0,6,1,,,,,,,False,"good length at middle stump, pushed down the pitch off the front foot","  11.1    Maxwell to Rabada, no run, tossed up on off, Rabada gets forward and defends it  "
2017,1082626,KXIP v DC,KXIP,DC,DC,1,12,2,0,"Maxwell to Rabada, no run",False,False,False,550215,Kagiso Rabada,3,8,325026,Glenn Maxwell,2.2,0,6,1,,,,,,,False,"goes on the back foot, rapped on the pads, but outside leg stump","  11.2    Maxwell to Rabada, no run, pushed through on off- Rabada stays back and cuts it towards the off-side  "
2017,1082626,KXIP v DC,KXIP,DC,DC,1,12,3,2,"Maxwell to Rabada, 2 runs",False,False,False,550215,Kagiso Rabada,5,9,325026,Glenn Maxwell,2.3,0,8,1,,,,,,,False,"full ball outside off stump, gets a nice stride forward and drives it to long-off's right","  11.3    Maxwell to Rabada, 2 runs, Maxwell tosses this one wider of off, Rabada gets a big stride forward and creams it wide of long-off, comes back for the second run  "
2017,1082626,KXIP v DC,KXIP,DC,DC,1,12,4,1,"Maxwell to Rabada, 1 run",False,False,False,550215,Kagiso Rabada,6,10,325026,Glenn Maxwell,2.4,0,9,1,,,,,,,False,"good length at off stump, pushes on the up, gets it past extra cover's dive. Long-off cleans up","  11.4    Maxwell to Rabada, 1 run, flighted delivery outside off, driven down towards long-off for a single  "
2017,1082626,KXIP v DC,KXIP,DC,DC,1,12,5,2,"Maxwell to Anderson, 2 runs",False,False,False,277662,Corey Anderson,16,17,325026,Glenn Maxwell,2.5,0,11,1,,,,,,,False,"back of a length outside off, waits for it to turn and slaps it flat-batted to sweeper's left","  11.5    Maxwell to Corey Anderson, 2 runs, flatter and wider from Maxwell, Anderson gets a big stride forward and slaps it past extra-cover, comes back for the second run  "
2017,1082626,KXIP v DC,KXIP,DC,DC,1,12,6,0,"Maxwell to Anderson, no run",False,False,False,277662,Corey Anderson,16,18,325026,Glenn Maxwell,3.0,0,11,1,,,,,,,False,"good length, angling in at leg stump, pushed to midwicket off the front foot","  11.6    Maxwell to Corey Anderson, no run, Maxwell drifts one onto Anderson's pads, nudged towards the on-side  "
2017,1082626,KXIP v DC,KXIP,DC,DC,1,13,1,1,"Patel to Rabada, 1 wide",False,True,False,550215,Kagiso Rabada,6,10,554691,Axar Patel,3.0,0,16,2,,,,,,,False,"good length, fired down leg side and past the  attempted glance","  12.1    Axar to Rabada, wide, pushed through down the leg-side, Rabada was looking to flick and missed  "
2017,1082626,KXIP v DC,KXIP,DC,DC,1,13,1,0,"Patel to Rabada, no run",False,False,False,550215,Kagiso Rabada,6,11,554691,Axar Patel,3.1,0,16,2,,,,,,,False,"good length at middle stump, looks to push it to long-on off the back foot, midwicket comes across to his right and cuts it off","  12.1    Axar to Rabada, no run, flatter and on the stumps, Rabada stays back and punches it towards mid-on  "
2017,1082626,KXIP v DC,KXIP,DC,DC,1,13,2,0,"Patel to Rabada, no run",False,False,False,550215,Kagiso Rabada,6,12,554691,Axar Patel,3.2,0,16,2,,,,,,,False,"back of a length, flat, wide outside off, slides past his cut shot","  12.2    Axar to Rabada, no run, Axar fires one flatter and just outside off, Rabada made room for the cut and missed  "
2017,1082626,KXIP v DC,KXIP,DC,DC,1,13,3,1,"Patel to Rabada, 1 run",False,False,False,550215,Kagiso Rabada,7,13,554691,Axar Patel,3.3,0,17,2,,,,,,,False,"full at middle stump, driven down to long-on","  12.3    Axar to Rabada, 1 run, Axar tosses one on the stumps, Rabada comes down the track and eases it down towards long-on  "
2017,1082626,KXIP v DC,KXIP,DC,DC,1,13,4,1,"Patel to Anderson, 1 run",False,False,False,277662,Corey Anderson,17,19,554691,Axar Patel,3.4,0,18,2,,,,,,,False,"good length at leg stump, pushed to deep midwicket off the front foot","  12.4    Axar to Corey Anderson, 1 run, flighted on Anderson's pads, nudged away past square leg for a single  "
2017,1082626,KXIP v DC,KXIP,DC,DC,1,13,5,0,"Patel to Rabada, no run",False,False,False,550215,Kagiso Rabada,7,14,554691,Axar Patel,3.5,0,18,2,,,,,,,False,"back of a length at off stump, pushed to extra cover off the back foot","  12.5    Axar to Rabada, no run, pushed through flatter and just outside off, Rabada backs away and drives it to the left of cover - the fielder gets across and makes a tumbling stop  "
2017,1082626,KXIP v DC,KXIP,DC,DC,1,13,6,4,"Patel to Rabada, FOUR runs",True,False,False,550215,Kagiso Rabada,11,15,554691,Axar Patel,4.0,0,22,2,,,,,,,False,"good length at middle stump, gives him the charge and uses his pace to lift his over the non-striker and wide of long-on","  12.6    Axar to Rabada, FOUR, handy boundary for Rabada, comes down the track, gets close to the ball and drills it back over his partner's head, a couple of bounces and over the ropes  "
2017,1082626,KXIP v DC,KXIP,DC,DC,1,14,1,0,"Maxwell to Anderson, no run",False,False,False,277662,Corey Anderson,17,20,325026,Glenn Maxwell,3.1,0,11,1,,,,,,,False,"back of a length at off stump, punched off the back foot to extra cover","  13.1    Maxwell to Corey Anderson, no run, pushed through outside off, driven straight to the fielder at cover  "
2017,1082626,KXIP v DC,KXIP,DC,DC,1,14,2,0,"Maxwell to Anderson, no run",False,False,False,277662,Corey Anderson,17,21,325026,Glenn Maxwell,3.2,0,11,1,,,,,,,False,"<b>was that dropped?</b> Sounded like it was. Back of a length outside off stump, climbs on him as he looks to dab it past short third. Saha can't gather it. Replays are inconclusive, but that sounded like an edge","  13.2    Maxwell to Corey Anderson, no run, dropped, tough chance but Saha would have expected to take it. Went straight off the face of the bat, in and out of Saha's gloves. Anderson was making room for the late dab and nearly hit it right into the gloves of the keeper  "
2017,1082626,KXIP v DC,KXIP,DC,DC,1,14,3,0,"Maxwell to Anderson, no run",False,False,False,277662,Corey Anderson,17,22,325026,Glenn Maxwell,3.3,0,11,1,,,,,,,False,"back of a length at off stump, pushed to extra cover off the back foot","  13.3    Maxwell to Corey Anderson, no run, slower and wider of off, Anderson backs away on the cut and mistimes it towards cover  "
2017,1082626,KXIP v DC,KXIP,DC,DC,1,14,4,0,"Maxwell to Anderson, no run",False,False,False,277662,Corey Anderson,17,23,325026,Glenn Maxwell,3.4,0,11,1,,,,,,,False,"good length, fired in flat at off stump, gets an inside edge as he pokes at this away from the body, it trickles past leg stump","  13.4    Maxwell to Corey Anderson, no run, pushed through quicker and just outside off, Anderson was looking to drive and gets an inside edge past the leg-stump  "
2017,1082626,KXIP v DC,KXIP,DC,DC,1,14,5,1,"Maxwell to Anderson, 1 run",False,False,False,277662,Corey Anderson,18,24,325026,Glenn Maxwell,3.5,0,12,1,,,,,,,False,"back of a length at middle stump, punched off the back foot to long-on","  13.5    Maxwell to Corey Anderson, 1 run, another fast delivery from Maxwell, Anderson stays back and flat-bats it towards long-on  "
2017,1082626,KXIP v DC,KXIP,DC,DC,1,14,6,0,"Maxwell to Rabada, no run",False,False,False,550215,Kagiso Rabada,11,16,325026,Glenn Maxwell,4.0,0,12,1,,,,,,,False,"good length at off stump, defended into the off side off the front foot","  13.6    Maxwell to Rabada, no run, Maxwell drifts one on the stumps, pushed back at the bowler  "
2017,1082626,KXIP v DC,KXIP,DC,DC,1,15,1,0,"Aaron to Anderson, OUT",False,False,False,277662,Corey Anderson,18,25,360911,Varun Aaron,0.1,0,0,1,277662.0,Corey Anderson,Varun Aaron,18.0,25.0,CJ Anderson  b Aaron 18 (29m 25b 0x4 1x6) SR: 72.00,False,"gets the breakthrough! Bowls this nice and full outside off, Anderson's feet are rooted as he looks to drive this through extra cover. Too far away from the body. Inside edge thuds into the stumps","  14.1    Aaron to Corey Anderson, out Bowled!! This doesn't help the Daredevils one bit! Aaron strikes with his first ball as well, this was full and just outside off, Anderson went with hard hands on the drive, the feet went nowhere and the inside edge clattered back onto the stumps. He was their last hope to get past 100 and DD are now struggling for the final push. Corey Anderson b Aaron 18(25) [6s-1]  "
2017,1082626,KXIP v DC,KXIP,DC,DC,1,15,2,0,"Aaron to Mishra, no run",False,False,False,31107,Amit Mishra,0,1,360911,Varun Aaron,0.2,0,0,1,,,,,,,False,"bouncer outside off stump, gets on top of it and drops it into the off side off the back foot","  14.2    Aaron to Mishra, no run, back of a length and just outside off, Mishra hops across and defends it towards the off-side  "
2017,1082626,KXIP v DC,KXIP,DC,DC,1,15,3,0,"Aaron to Mishra, no run",False,False,False,31107,Amit Mishra,0,2,360911,Varun Aaron,0.3,0,0,1,,,,,,,False,"full outside off, looks for the expansive drive, beaten on pace. Toe-ended to mid-off","  14.3    Aaron to Mishra, no run, on a good length and just outside off, mistimed drive towards mid-off  "
2017,1082626,KXIP v DC,KXIP,DC,DC,1,15,4,1,"Aaron to Mishra, 1 run",False,False,False,31107,Amit Mishra,1,3,360911,Varun Aaron,0.4,0,1,1,,,,,,,False,"good length, angling down leg side, flicked off his pads to fine leg","  14.4    Aaron to Mishra, 1 run, too straight and on Mishra's pads, clipped away towards long leg for a single  "
2017,1082626,KXIP v DC,KXIP,DC,DC,1,15,5,0,"Aaron to Rabada, no run",False,False,False,550215,Kagiso Rabada,11,17,360911,Varun Aaron,0.5,0,1,1,,,,,,,False,"good length at off stump, comes at him slowly as he defends with hard hands. It lobs up into the off side, safe from all fielders there","  14.5    Aaron to Rabada, no run, short of a good length and just outside off, stopped on Rabada as he prodded forward. The ball lobbed in the air and fell near the vacant short cover region  "
2017,1082626,KXIP v DC,KXIP,DC,DC,1,15,6,0,"Aaron to Rabada, no run",False,False,False,550215,Kagiso Rabada,11,18,360911,Varun Aaron,1.0,0,1,1,,,,,,,False,"<b>dropped.</b> This one is creamed on the up to Shaun Marsh at short extra cover. He gets low to his right quickly and takes it. It pops out of his grasp as his arms hit the floor and he hurriedly tries to pouch it as it bobbles away from him, but can't hold on","  14.6   Aaron to Rabada, no run, chance and dropped. Shaun Marsh is the culprit, he had two bites at the cherry, but can't hold on. Length delivery outside off, Rabada drilled it towards cover, Marsh tumbled to his right and let the ball slip, he was alert though, turned around and tried to grab the rebound, but can't do so. He had it for a moment, but the ball popped out as his elbows hit the ground "
2017,1082626,KXIP v DC,KXIP,DC,DC,1,16,1,1,"Sandeep Sharma to Mishra, 1 wide",False,True,False,31107,Amit Mishra,1,3,438362,Sandeep Sharma,3.0,0,16,3,,,,,,,False,"good length, angled down leg side","  15.1    Sandeep Sharma to Mishra, wide, Sandeep slips one down the leg-side, Mishra was looking to flick and missed, called as a wide  "
2017,1082626,KXIP v DC,KXIP,DC,DC,1,16,1,1,"Sandeep Sharma to Mishra, 1 run",False,False,False,31107,Amit Mishra,2,4,438362,Sandeep Sharma,3.1,0,17,3,,,,,,,False,"back of a length outside off, steps out and opens the face to run it to third man","  15.1    Sandeep Sharma to Mishra, 1 run, back of a length and just outside off, Mishra comes down the track and steers it towards third man  "
2017,1082626,KXIP v DC,KXIP,DC,DC,1,16,2,0,"Sandeep Sharma to Rabada, no run",False,False,False,550215,Kagiso Rabada,11,19,438362,Sandeep Sharma,3.2,0,17,3,,,,,,,False,"back of a length at off stump, looks to push to long-on, gets an inside onto boot, it rolls to the keeper after evading off stump","  15.2    Sandeep Sharma to Rabada, no run, short of a good length and just outside off, Rabada gets half-forward and gets an inside edge onto the pads  "
2017,1082626,KXIP v DC,KXIP,DC,DC,1,16,3,0,"Sandeep Sharma to Rabada, OUT",False,False,False,550215,Kagiso Rabada,11,20,438362,Sandeep Sharma,3.3,0,17,4,550215.0,Kagiso Rabada,Sandeep Sharma,11.0,20.0,K Rabada c Marsh b Sandeep Sharma 11 (25m 20b 1x4 0x6) SR: 55.00,False,"Marsh holds on this time. Good length, angled in at off stump. Offers the full face as he shapes to hit this over long-on, but the bat turns slightly as he connects. Only height on this, in the end, no distance. Nice and easy at long-on for Marsh","  15.3    Sandeep Sharma to Rabada, out Caught by Shaun Marsh!! Another chance for Marsh and this time he holds on, DD's procession continues. On a good length and on the stumps, Rabada was leaning forward on the lofted drive, the bat turned as he made contact, ends up mistiming it high and towards long-on. Marsh has a long time to settle under it and gobbles it up, fourth wicket for Sandeep and he's having quite an evening. Rabada c Shaun Marsh b Sandeep Sharma 11(20) [4s-1]  "
2017,1082626,KXIP v DC,KXIP,DC,DC,1,16,4,1,"Sandeep Sharma to Mishra, 1 run",False,False,False,31107,Amit Mishra,3,5,438362,Sandeep Sharma,3.4,0,18,4,,,,,,,False,"bouncer at middle stump, doesn't quite come on. He is comfortably behind this as he turns it down to fine leg","  15.4    Sandeep Sharma to Mishra, 1 run, banged in short and on the stumps, Mishra swivels across and pulls it down towards long leg  "
2017,1082626,KXIP v DC,KXIP,DC,DC,1,16,5,1,"Sandeep Sharma to Mohammed Shami, 1 run",False,False,False,481896,Mohammed Shami,1,1,438362,Sandeep Sharma,3.5,0,19,4,,,,,,,False,"full at leg stump, flicked nicely to deep square's left","  15.5    Sandeep Sharma to Shami, 1 run, fuller length delivery on Shami's pads, clipped away in front of square on the on-side for a single  "
2017,1082626,KXIP v DC,KXIP,DC,DC,1,16,6,1,"Sandeep Sharma to Mishra, 1 wide",False,True,False,31107,Amit Mishra,3,5,438362,Sandeep Sharma,3.5,0,20,4,,,,,,,False,"slower ball, misfired. Short and well wide of the marker outside off stump","  15.6    Sandeep Sharma to Mishra, wide, the back of the hand slower ball from Sandeep, Mishra thinks about playing at that but lets it go at the last moment, called as a wide  "
2017,1082626,KXIP v DC,KXIP,DC,DC,1,16,6,0,"Sandeep Sharma to Mishra, no run",False,False,False,31107,Amit Mishra,3,6,438362,Sandeep Sharma,4.0,0,20,4,,,,,,,False,"full at off stump, driven to mid-off","  15.6    Sandeep Sharma to Mishra, no run, on a good length and just outside off, driven straight to the fielder at mid-off. That ends Sandeep's work with the ball today, he finishes with career-best figures of 4 for 20  "
2017,1082626,KXIP v DC,KXIP,DC,DC,1,17,1,1,"Aaron to Mohammed Shami, 1 run",False,False,False,481896,Mohammed Shami,2,2,360911,Varun Aaron,1.1,0,2,1,,,,,,,False,"back of a length outside off stump, turned down to third man off the back foot","  16.1    Aaron to Shami, 1 run, back of a length and just outside off, steered away behind square on the off-side for a single  "
2017,1082626,KXIP v DC,KXIP,DC,DC,1,17,2,0,"Aaron to Mishra, no run",False,False,False,31107,Amit Mishra,3,7,360911,Varun Aaron,1.2,0,2,1,,,,,,,False,"slower ball, good length at off stump. Looks to flick into the leg side, can only bunt it feebly to midwicket","  16.2    Aaron to Mishra, no run, short of a good length and just outside off, looked like it stopped on Mishra. He was early on the flick and nearly popped a catch to mid-wicket  "
2017,1082626,KXIP v DC,KXIP,DC,DC,1,17,3,0,"Aaron to Mishra, no run",False,False,False,31107,Amit Mishra,3,8,360911,Varun Aaron,1.3,0,2,1,,,,,,,False,"back of a length outside off stump, nicely on top of the bounce but cuts straight to point","  16.3    Aaron to Mishra, no run, short and wide from Aaron, cut away straight to the fielder at backward point  "
2017,1082626,KXIP v DC,KXIP,DC,DC,1,17,4,1,"Aaron to Mishra, 1 run",False,False,False,31107,Amit Mishra,4,9,360911,Varun Aaron,1.4,0,3,1,,,,,,,False,"full and angled down leg, flicked off his toes to fine leg","  16.4    Aaron to Mishra, 1 run, full and on Mishra's pads, flicked away towards long leg for a single  "
2017,1082626,KXIP v DC,KXIP,DC,DC,1,17,5,0,"Aaron to Mohammed Shami, no run",False,False,False,481896,Mohammed Shami,2,3,360911,Varun Aaron,1.5,0,3,1,,,,,,,False,"short ball outside off stump, looks to ramp this through the slip region, it's too fast for him. Beaten","  16.5    Aaron to Shami, no run, short and well outside off, Shami was looking to help it on its way and missed  "
2017,1082626,KXIP v DC,KXIP,DC,DC,1,17,6,0,"Aaron to Mohammed Shami, OUT",False,False,False,481896,Mohammed Shami,2,4,360911,Varun Aaron,2.0,0,3,2,481896.0,Mohammed Shami,Varun Aaron,2.0,4.0,Mohammed Shami c Sandeep Sharma b Aaron 2 (6m 4b 0x4 0x6) SR: 50.00,False,"short ball outside off stump, this time he keeps the ramp out and looks for a full-blooded club over the off side. Once more, too fast for him, and too steep. It's high up, but barely past the circle and Sandeep takes it at extra cover","  16.6   Aaron to Shami, out Caught by Sandeep Sharma!! Dravid looks distraught in the dug-out as another batsman self combusts. Can't blame Shami though, DD needed some quick runs, but there's nothing coming today. This was short and wide of off, asking to be smacked. Shami had the right idea, he was looking to crack it over point, but the execution went all awry. Ends up getting too underneath the ball and flat-bats it in the air, Sandeep circled around the skier from cover. Thought about going reverse cupped, decides against it and takes it in the normal way. Shami c Sandeep Sharma b Aaron 2(4) "
2017,1082626,KXIP v DC,KXIP,DC,DC,1,18,1,0,"Sharma to Nadeem, OUT",False,False,False,31872,Shahbaz Nadeem,0,1,537119,Mohit Sharma,1.1,0,3,1,31872.0,Shahbaz Nadeem,Mohit Sharma,0.0,1.0,S Nadeem c &amp; b Sharma 0 (2m 1b 0x4 0x6) SR: 0.00,False,"and they won't even get close. Good length, slower ball at middle stump. Pokes at this aimlessly with an angled bat. Gets it high, on the sticker, and it lobs up for Mohit to complete a simple catch","  17.1   Mohit Sharma to Nadeem, out Caught&Bowled!! DD have been bundled out for their lowest score in IPL - the 10th edition is bringing in some unwanted records for teams. First it was RCB - now it's the DD. Slower ball from Mohit, Nadeem didn't read it at all, popped his bat forward, closed the face on the tuck, got a leading edge and it's an absolute dolly to the bowler. Not sure if the Mohali crowd enjoyed the show from DD - you don't want to watch a mismatch after having paid big money for the tickets. Nadeem c and b Mohit Sharma 0(1) "
2017,1082626,KXIP v DC,KXIP,DC,KXIP,2,1,1,0,"Mohammed Shami to Guptill, no run",False,False,False,226492,Martin Guptill,0,1,481896,Mohammed Shami,0.1,0,0,0,,,,,,,False,"back of a length at the thigh, misses out on the glance and gets stuck behind the flap before falling onto the pitch","  0.1    Shami to Guptill, no run, begins with a skiddy back of a length delivery that skids on and thuds Guptill on the thigh pad. The Kiwi tried to get on top of the bounce but failed to do so  "
2017,1082626,KXIP v DC,KXIP,DC,KXIP,2,1,2,0,"Mohammed Shami to Guptill, no run",False,False,False,226492,Martin Guptill,0,2,481896,Mohammed Shami,0.2,0,0,0,,,,,,,False,"back of a length at off stump, on top of the bounce and defended into the off side","  0.2    Shami to Guptill, no run, rides the bouce on this short of length delivery on off, taps it defensively into the off-side and shouts ""nooo""  "
2017,1082626,KXIP v DC,KXIP,DC,KXIP,2,1,3,4,"Mohammed Shami to Guptill, FOUR runs",True,False,False,226492,Martin Guptill,4,3,481896,Mohammed Shami,0.3,0,4,0,,,,,,,False,"shot. This is back of a length at off stump, he gives him the charge, makes room and creams this over extra cover","  0.3    Shami to Guptill, FOUR, Guptill and Punjab are away. Takes a step forward, manufactures his own room and thrashes it over cover. Kings XI anthem blares in the background  "
2017,1082626,KXIP v DC,KXIP,DC,KXIP,2,1,4,0,"Mohammed Shami to Guptill, no run",False,False,False,226492,Martin Guptill,4,4,481896,Mohammed Shami,0.4,0,4,0,,,,,,,False,"back of a length, in the corridor and moving slightly away as he chops under this and is beaten","  0.4    Shami to Guptill, no run, nice shape from Shami, lands it on a much fuller length and gets it to move away late, Guptill with no feet has a feel for the ball and is beaten all ends up  "
2017,1082626,KXIP v DC,KXIP,DC,KXIP,2,1,5,0,"Mohammed Shami to Guptill, no run",False,False,False,226492,Martin Guptill,4,5,481896,Mohammed Shami,0.5,0,4,0,,,,,,,False,"good length at off stump, bunted on the up into the off side","  0.5    Shami to Guptill, no run, a goodish length delivery, swerving back into Guptill and cramps his for room. Defended towards cover  "
2017,1082626,KXIP v DC,KXIP,DC,KXIP,2,1,6,4,"Mohammed Shami to Guptill, FOUR runs",True,False,False,226492,Martin Guptill,8,6,481896,Mohammed Shami,1.0,0,8,0,,,,,,,False,"back of a length at off stump, he exposes the stumps and makes enough room to slash this past point","  0.6    Shami to Guptill, FOUR, Guptill is in a hurry here. Wasting no time as he backs away to this back of a length delivery and bullies it through the packed off-side field. Not so productive start for Shami and DD  "
2017,1082626,KXIP v DC,KXIP,DC,KXIP,2,2,1,0,"Rabada to Amla, no run",False,False,False,43906,Hashim Amla,0,1,550215,Kagiso Rabada,0.1,0,0,0,,,,,,,False,"good length, angled down the leg side, flicks the pad as it goes through to the keeper","  1.1    Rabada to Amla, no run, a bit of gentle loosener to start off from Rabada. Looking for some swing, he sprays it down leg, brushes Amla's pad as he misses the glance  "
2017,1082626,KXIP v DC,KXIP,DC,KXIP,2,2,2,0,"Rabada to Amla, no run",False,False,False,43906,Hashim Amla,0,2,550215,Kagiso Rabada,0.2,0,0,0,,,,,,,False,"back of a length at off stump, defended into the off side off the back foot","  1.2    Rabada to Amla, no run, sticks to a more staple line and length, good length delivery around off, Amla stands tall and blocks it to cover  "
2017,1082626,KXIP v DC,KXIP,DC,KXIP,2,2,3,0,"Rabada to Amla, no run",False,False,False,43906,Hashim Amla,0,3,550215,Kagiso Rabada,0.3,0,0,0,,,,,,,False,"back of a length outside off, mistimed back foot punch, straight to point","  1.3    Rabada to Amla, no run, shortens his length a touch, no room whatsoever so Amla pats it to point  "
2017,1082626,KXIP v DC,KXIP,DC,KXIP,2,2,4,1,"Rabada to Amla, 1 wide",False,True,False,43906,Hashim Amla,0,3,550215,Kagiso Rabada,0.3,0,1,0,,,,,,,False,"bouncer outside off is too short, launches upwards after pitching and Amla wants nothing to do with it. Pant has to leap and stretch to hold this","  1.4    Rabada to Amla, wide, ooh, venomous bounce for Rabada. Dug in on a shortish length and it loops over Amla's head as he sways out of the line. Called a wide for height  "
2017,1082626,KXIP v DC,KXIP,DC,KXIP,2,2,4,1,"Rabada to Amla, 1 run",False,False,False,43906,Hashim Amla,1,4,550215,Kagiso Rabada,0.4,0,2,0,,,,,,,False,"back of a length at off stump, solidly behind it as he pushes it wide of mid-off","  1.4    Rabada to Amla, 1 run, Amla gets the scorecard ticking. Angled at 144kph closer to off, Amla punches it to mid-off and hustles through for a quick single  "
2017,1082626,KXIP v DC,KXIP,DC,KXIP,2,2,5,1,"Rabada to Guptill, 1 run",False,False,False,226492,Martin Guptill,9,7,550215,Kagiso Rabada,0.5,0,3,0,,,,,,,False,"follows him down leg side with a good length ball, the flick shot is cut off by Nadeem at square leg who dives to his right","  1.5    Rabada to Guptill, 1 run, fine stop from Nadeem, saves some runs for his team. Rabada slants one on leg seeing the batsman move away, Guptill manages to tuck it towards square leg. Nadeem dives to his right and makes a good stop  "
2017,1082626,KXIP v DC,KXIP,DC,KXIP,2,2,6,4,"Rabada to Amla, FOUR runs",True,False,False,43906,Hashim Amla,5,5,550215,Kagiso Rabada,1.0,0,7,0,,,,,,,False,"low full toss at off stump, not too much fuss as he brings down the bat and taps it past extra cover","  1.6   Rabada to Amla, FOUR, classic shot from Amla. Just a soft push from the crease to this full toss and it roars away to the fence. Beats extra cover, minimum effort there from the mighty Hash! "
2017,1082626,KXIP v DC,KXIP,DC,KXIP,2,3,1,1,"Morris to Guptill, 1 run",False,False,False,226492,Martin Guptill,10,8,439952,Chris Morris,0.1,0,1,0,,,,,,,False,"good length at off stump, pushed off the front foot to mid-off","  2.1    Chris Morris to Guptill, 1 run, solidly punches it towards mid-off for a single  "
2017,1082626,KXIP v DC,KXIP,DC,KXIP,2,3,2,0,"Morris to Amla, no run",False,False,False,43906,Hashim Amla,5,6,439952,Chris Morris,0.2,0,1,0,,,,,,,False,"back of a length at off stump, nicely behind this as he defends off the back foot","  2.2    Chris Morris to Amla, no run, nipping in on off, Amla stays in his crease and defends  "
2017,1082626,KXIP v DC,KXIP,DC,KXIP,2,3,3,0,"Morris to Amla, no run",False,False,False,43906,Hashim Amla,5,7,439952,Chris Morris,0.3,0,1,0,,,,,,,False,"back of a length at off stump, subdued back foot punch, straight to short extra","  2.3    Chris Morris to Amla, no run, pitched up and lulls Amla into a drive. He isn't tempted, displays a feeble push to short extra cover  "
2017,1082626,KXIP v DC,KXIP,DC,KXIP,2,3,4,0,"Morris to Amla, no run",False,False,False,43906,Hashim Amla,5,8,439952,Chris Morris,0.4,0,1,0,,,,,,,False,"back of a length at off stump, whipped to short midwicket off the back foot","  2.4    Chris Morris to Amla, no run, tailing in on middle and leg, wristed straight to short mid-wicket  "
2017,1082626,KXIP v DC,KXIP,DC,KXIP,2,3,5,0,"Morris to Amla, no run",False,False,False,43906,Hashim Amla,5,9,439952,Chris Morris,0.5,0,1,0,,,,,,,False,"back of a length at off stump, punches uppishly but it's on the bounce to short extra cover","  2.5    Chris Morris to Amla, no run, on a short of length and seemed to have held on the pitch. Amla tried to force it off the back foot, ended up hitting it off the higher part of the bat to short extra cover  "
2017,1082626,KXIP v DC,KXIP,DC,KXIP,2,3,6,1,"Morris to Amla, 1 run",False,False,False,43906,Hashim Amla,6,10,439952,Chris Morris,1.0,0,2,0,,,,,,,False,"back of a length outside off stump, unleashes a wrist cut at this, but Rabada gets down quickly to his left at third man","  2.6    Chris Morris to Amla, 1 run, short and offers width, Amla reaches out and flashes it towards third man. Rabada moves to his right and keeps the pair down to a single  "
2017,1082626,KXIP v DC,KXIP,DC,KXIP,2,4,1,2,"Rabada to Amla, 2 runs",False,False,False,43906,Hashim Amla,8,11,550215,Kagiso Rabada,1.1,0,9,0,,,,,,,False,"back of a length at middle stump, gets on his toes and uses his wrists to push this to deep square leg's right","  3.1    Rabada to Amla, 2 runs, short and veering on leg-stump line, Amla turns it away behind square and adds a couple of runs to the tally  "
2017,1082626,KXIP v DC,KXIP,DC,KXIP,2,4,2,1,"Rabada to Amla, 1 run",False,False,False,43906,Hashim Amla,9,12,550215,Kagiso Rabada,1.2,0,10,0,,,,,,,False,"good length at middle stump. This came back in sharply but Amla defended into the off side nicely, with soft hands. Allows Guptill to run through","  3.2    Rabada to Amla, 1 run, cuts back in from a length, Amla hurriedly gets his bat closer to negotiate it. Drops it beside the stumps and Guppy calls him through for a speedy single  "
2017,1082626,KXIP v DC,KXIP,DC,KXIP,2,4,3,0,"Rabada to Guptill, no run",False,False,False,226492,Martin Guptill,10,9,550215,Kagiso Rabada,1.3,0,10,0,,,,,,,False,"good length at off stump, defended back to the bowler off the front foot","  3.3    Rabada to Guptill, no run, jagging in on middle, no swing for Rabada. Guptill stays in his crease and defends  "
2017,1082626,KXIP v DC,KXIP,DC,KXIP,2,4,4,4,"Rabada to Guptill, FOUR runs",True,False,False,226492,Martin Guptill,14,10,550215,Kagiso Rabada,1.4,0,14,0,,,,,,,False,"back of a length in the corridor, climbing too, but Guptill arches ever so slightly and ramps this over slip and well fine of third man","  3.4    Rabada to Guptill, FOUR, cheeky and effective for Guptill. Cleverly arches his back on seeing this short ball outside off, opens his bat face and elevates it over first slip. One bounce and into the fence  "
2017,1082626,KXIP v DC,KXIP,DC,KXIP,2,4,5,0,"Rabada to Guptill, no run",False,False,False,226492,Martin Guptill,14,11,550215,Kagiso Rabada,1.5,0,14,0,,,,,,,False,"back of a length at off stump, drops it into the off side to try and steal a single, connects too well","  3.5    Rabada to Guptill, no run, darting in around off, Guptill waits and neatly defends  "
2017,1082626,KXIP v DC,KXIP,DC,KXIP,2,4,6,4,"Rabada to Guptill, FOUR runs",True,False,False,226492,Martin Guptill,18,12,550215,Kagiso Rabada,2.0,0,18,0,,,,,,,False,"low full toss at middle stump. He hasn't hit it too well, but there's enough power to clear mid-off comfortably. He looked to lift this over the mid-off boundary but got it off the outside half of the toe-end","  3.6    Rabada to Guptill, FOUR, ooh, he didn't time it as he would've liked but still earns himself a boundary. A dipping low full toss from Rabada, Guptill miscued it as he dragged it off the cue-end. Squirts it over mid-off and off it goes away to the fence  "
2017,1082626,KXIP v DC,KXIP,DC,KXIP,2,5,1,0,"Morris to Amla, no run",False,False,False,43906,Hashim Amla,9,13,439952,Chris Morris,1.1,0,2,0,,,,,,,False,"good length at middle stump, defended off the back foot","  4.1    Chris Morris to Amla, no run, 137kph, curls back in sharply, Amla is anchored in his crease as he brings his bat down at an angle to smother it  "
2017,1082626,KXIP v DC,KXIP,DC,KXIP,2,5,2,3,"Morris to Amla, 3 runs",False,False,False,43906,Hashim Amla,12,14,439952,Chris Morris,1.2,0,5,0,,,,,,,False,"good bouncer outside off, but there's no one deep at square leg. Amla goes for the hook and is hurried on it but it lands safely, halfway between boundary and circle","  4.2    Chris Morris to Amla, 3 runs, short ball without any purpose, Amla goes for the pull, fetches it over his head, not off the middle and manages to clear mid-wicket. The ball plugs in the outfield and they will come back for the third  "
2017,1082626,KXIP v DC,KXIP,DC,KXIP,2,5,3,6,"Morris to Guptill, SIX runs",True,False,False,226492,Martin Guptill,24,13,439952,Chris Morris,1.3,0,11,0,,,,,,,False,"<b>this has gone several thousand kilometres away!</b> Back of a length at off stump, clears himself for the big swing by backing away and lifts this cleanly, straight and into the second-tier above the bowler","  4.3    Chris Morris to Guptill, SIX, Guptill is in overdrive. Wants to capitalise on the powerplay. Stays a bit leg-sidish, loads up big time and smacks it with lot of power to send it soaring into the long-on stands  "
2017,1082626,KXIP v DC,KXIP,DC,KXIP,2,5,4,0,"Morris to Guptill, no run",False,False,False,226492,Martin Guptill,24,14,439952,Chris Morris,1.4,0,11,0,,,,,,,False,"yorker outside off stump, squeezed into the off side","  4.4    Chris Morris to Guptill, no run, very full outside off, Guptill crouches low as he squeezes it into the off-side  "
2017,1082626,KXIP v DC,KXIP,DC,KXIP,2,5,5,1,"Morris to Guptill, 1 run",False,False,False,226492,Martin Guptill,25,15,439952,Chris Morris,1.5,0,12,0,,,,,,,False,"bouncer at off stump, Guptill takes it on and doesn't connect. But this dips quickly and bounces before it reaches Samson at deep square","  4.5    Chris Morris to Guptill, 1 run, in the airr and just short of Samson at deepish mid-wicket. Guptill mistimes the pull, ekes it off the top half of the blade and skies it, luckily it drops short of the incoming fielder  "
2017,1082626,KXIP v DC,KXIP,DC,KXIP,2,5,6,1,"Morris to Amla, 1 run",False,False,False,43906,Hashim Amla,13,15,439952,Chris Morris,2.0,0,13,0,,,,,,,False,"full on the pads, flicked gracefully and right off the middle, straight to deep square","  4.6    Chris Morris to Amla, 1 run, full on the pads, whipped away firmly through mid-wicket  "
2017,1082626,KXIP v DC,KXIP,DC,KXIP,2,6,1,0,"Mohammed Shami to Amla, no run",False,False,False,43906,Hashim Amla,13,16,481896,Mohammed Shami,1.1,0,8,0,,,,,,,False,"offcutter, full at leg stump. Picks it and pushes it to mid-on","  5.1    Shami to Amla, no run, Shami rolls his fingers across on this fuller length delivery, Amla meets it with a straightish bat and pushes it to mid-on  "
2017,1082626,KXIP v DC,KXIP,DC,KXIP,2,6,2,1,"Mohammed Shami to Amla, 1 wide",False,True,False,43906,Hashim Amla,13,16,481896,Mohammed Shami,1.1,0,9,0,,,,,,,False,"bouncer pitches on middle stump, deviates down the leg side, just above his blade as he hooks","  5.2    Shami to Amla, wide, short and targets Amla left shoulder, but it's swinging down leg as Amla misses his pull. Wided  "
2017,1082626,KXIP v DC,KXIP,DC,KXIP,2,6,2,0,"Mohammed Shami to Amla, no run",False,False,False,43906,Hashim Amla,13,17,481896,Mohammed Shami,1.2,0,9,0,,,,,,,False,"offcutter, good length at off stump, plays well in front of the body as he looks to drive on the up, chips it in the direction of mid-on","  5.2    Shami to Amla, no run, robs all the pace and serves it up on a fuller length outside off, Amla goes hard at it, drags it off the inner half towards mid-on  "
2017,1082626,KXIP v DC,KXIP,DC,KXIP,2,6,3,1,"Mohammed Shami to Amla, 1 run",False,False,False,43906,Hashim Amla,14,18,481896,Mohammed Shami,1.3,0,10,0,,,,,,,False,"bouncer at middle stump, too early on it again, drags the pull shot down off the under edge, straight to deep square","  5.3    Shami to Amla, 1 run, short ball aiming for the torso, not enough bounce to trouble Amla. He pulls it along the ground to deep mid-wicket  "
2017,1082626,KXIP v DC,KXIP,DC,KXIP,2,6,4,4,"Mohammed Shami to Guptill, FOUR runs",True,False,False,226492,Martin Guptill,29,16,481896,Mohammed Shami,1.4,0,14,0,,,,,,,False,"back of a length at middle stump, backs away and swings across the line. Doesn't connect, but he has done enough to drag this wide of mid-on","  5.4    Shami to Guptill, FOUR, raining boundaries off Guptill's willow. Again moves away to leg-side, takes on this back of a length delivery and blasts it wide of mid-on. He didn't find the sweet spot but it doesn't matter anyway  "
2017,1082626,KXIP v DC,KXIP,DC,KXIP,2,6,5,4,"Mohammed Shami to Guptill, FOUR runs",True,False,False,226492,Martin Guptill,33,17,481896,Mohammed Shami,1.5,0,18,0,,,,,,,False,"back of a length, angled into the pads, stands tall and whips this past short fine","  5.5    Shami to Guptill, FOUR, Shami's radar goes haywire. Spills it on the pads, easy pickings for Guptill as he gets inside the line and flicks it past the man at 45  "
2017,1082626,KXIP v DC,KXIP,DC,KXIP,2,6,6,1,"Mohammed Shami to Guptill, 1 run",False,False,False,226492,Martin Guptill,34,18,481896,Mohammed Shami,2.0,0,19,0,,,,,,,False,"full at leg stump, backs away and pummels a drive to mid-on...where Rabada misfields and gives them <b>fifty for the opening stand</b>","  5.6    Shami to Guptill, 1 run, full and on the stumps, Guptill makes room and drills it hard towards mid-on. 50-up for Punjab in no time  "
2017,1082626,KXIP v DC,KXIP,DC,KXIP,2,7,1,6,"Mishra to Guptill, SIX runs",True,False,False,226492,Martin Guptill,40,19,31107,Amit Mishra,0.1,0,6,0,,,,,,,False,"drops it short at middle stump first ball, Guptill goes deep in the crease, swivels, and launches this over the midwicket boundary","  6.1    Mishra to Guptill, SIX, he is greeted to the crease with a maximum. Slips in a googly, on a shortish length, Guptill picks it up and clubs it way back into the mid-wicket stands  "
2017,1082626,KXIP v DC,KXIP,DC,KXIP,2,7,2,1,"Mishra to Guptill, 1 run",False,False,False,226492,Martin Guptill,41,20,31107,Amit Mishra,0.2,0,7,0,,,,,,,False,"good length, googly at the pads. Leans in and turns it behind square on the leg side","  6.2    Mishra to Guptill, 1 run, turned away through square leg  "
2017,1082626,KXIP v DC,KXIP,DC,KXIP,2,7,3,1,"Mishra to Amla, 1 run",False,False,False,43906,Hashim Amla,15,19,31107,Amit Mishra,0.3,0,8,0,,,,,,,False,"back of a length outside off stump, pushed off the back foot to sweeper cover","  6.3    Mishra to Amla, 1 run, better from Mishy, pushes it quicker on off, Amla forces it through cover  "
2017,1082626,KXIP v DC,KXIP,DC,KXIP,2,7,4,0,"Mishra to Guptill, no run",False,False,False,226492,Martin Guptill,41,21,31107,Amit Mishra,0.4,0,8,0,,,,,,,False,"good length at off stump, beats him in flight. He comes forward and offers the pad","  6.4    Mishra to Guptill, no run, almost did him there. The top-spinner came drifting in as Guptill shimmied out, wasn't to the pitch but he had his bat closer to his pad. Lobbed off the pads into the off-side  "
2017,1082626,KXIP v DC,KXIP,DC,KXIP,2,7,5,0,"Mishra to Guptill, no run",False,False,False,226492,Martin Guptill,41,22,31107,Amit Mishra,0.5,0,8,0,,,,,,,False,"good length at middle stump, gets down for the ramp through fine leg, gets a leading edge that lands just in front of short midwicket","  6.5    Mishra to Guptill, no run, goes for the sweep, doesn't connect it and toe-ends it into the on-side  "
2017,1082626,KXIP v DC,KXIP,DC,KXIP,2,7,6,1,"Mishra to Guptill, 1 run",False,False,False,226492,Martin Guptill,42,23,31107,Amit Mishra,1.0,0,9,0,,,,,,,False,"good length at leg stump, hangs deep and slashes across the line to long leg","  6.6    Mishra to Guptill, 1 run, brings out the broom again, sinks low and sends it along the ground to fine leg  "
2017,1082626,KXIP v DC,KXIP,DC,KXIP,2,8,1,1,"Nadeem to Guptill, 1 run",False,False,False,226492,Martin Guptill,43,24,31872,Shahbaz Nadeem,0.1,0,1,0,,,,,,,False,"good length outside off, steps out, not to the pitch, but uses his reach to slap this to sweeper cover","  7.1    Nadeem to Guptill, 1 run, flatter and quicker outside off, slapped away to sweeper cover  "
2017,1082626,KXIP v DC,KXIP,DC,KXIP,2,8,2,1,"Nadeem to Amla, 1 run",False,False,False,43906,Hashim Amla,16,20,31872,Shahbaz Nadeem,0.2,0,2,0,,,,,,,False,"good length, angled down leg side, tickled to long leg off the back foot","  7.2    Nadeem to Amla, 1 run, slower and snaking in, Amla stays beside the line and nurdles it away to fine leg  "
2017,1082626,KXIP v DC,KXIP,DC,KXIP,2,8,3,6,"Nadeem to Guptill, SIX runs",True,False,False,226492,Martin Guptill,49,25,31872,Shahbaz Nadeem,0.3,0,8,0,,,,,,,False,"tossed up full at middle stump, clears the front leg, clears the midwicket boundary. Old fashioned Guptill slog sweep","  7.3   Nadeem to Guptill, SIX, wow. Massive strike from Guptill. Bends low on seeing this tossed up, gets into good position and smokes it over deep mid-wicket. Scores are level now "
2017,1082626,KXIP v DC,KXIP,DC,KXIP,2,8,4,0,"Nadeem to Guptill, no run",False,False,False,226492,Martin Guptill,49,26,31872,Shahbaz Nadeem,0.4,0,8,0,,,,,,,False,"good length at off stump, pushed off the front foot to short third man","  7.4    Nadeem to Guptill, no run, quicker on off, Guptill pats it onto the off-side  "
2017,1082626,KXIP v DC,KXIP,DC,KXIP,2,8,5,1,"Nadeem to Guptill, 1 run",False,False,False,226492,Martin Guptill,50,27,31872,Shahbaz Nadeem,0.5,0,9,0,,,,,,,False,"good length, angled into leg stump, gets low and sweeps it to long leg where Corey Anderson misfields. Guptill <b>brings up his fifty</b> and finishes this game","  7.5    Nadeem to Guptill, 1 run, game, set and match - Punjab. What a way to finish the game. Guptill lowers his center of gravity and sweeps it through square leg. He raises his fifty as well. Punjab win by 10 wickets  "
